filepath,filename,label,is_annotated,split
/mnt/c/Users/Admin/Documents/cytology/cytology_data/HSIL (145).JPG,HSIL (145).JPG,HSIL,False,train
/mnt/c/Users/Admin/Documents/cytology/cytology_data/NIL (130).JPG,NIL (130).JPG,NIL,False,train
/mnt/c/Users/Admin/Documents/cytology/cytology_data/HSIL (186).JPG,HSIL (186).JPG,HSIL,False,train
/mnt/c/Users/Admin/Documents/cytology/cytology_data/NIL (29).jpg,NIL (29).jpg,NIL,False,train
/mnt/c/Users/Admin/Documents/cytology/cytology_data/HSIL (79).JPG,HSIL (79).JPG,HSIL,False,train
/mnt/c/Users/Admin/Documents/cytology/cytology_data/NIL (102).JPG,NIL (102).JPG,NIL,False,train
/mnt/c/Users/Admin/Documents/cytology/cytology_data/LSIL (123).JPG,LSIL (123).JPG,LSIL,False,train
/mnt/c/Users/Admin/Documents/cytology/cytology_data/LSIL (196).jpg,LSIL (196).jpg,LSIL,False,train
/mnt/c/Users/Admin/Documents/cytology/cytology_data/HSIL (175).JPG,HSIL (175).JPG,HSIL,False,train
/mnt/c/Users/Admin/Documents/cytology/cytology_data/NIL (70).JPG,NIL (70).JPG,NIL,False,train
/mnt/c/Users/Admin/Documents/cytology/cytology_data/LSIL (167).JPG,LSIL (167).JPG,LSIL,False,train
/mnt/c/Users/Admin/Documents/cytology/cytology_data/NIL (43).jpg,NIL (43).jpg,NIL,False,train
/mnt/c/Users/Admin/Documents/cytology/cytology_data/HSIL (124).JPG,HSIL (124).JPG,HSIL,False,train
/mnt/c/Users/Admin/Documents/cytology/cytology_data/NIL (173).JPG,NIL (173).JPG,NIL,False,train
/mnt/c/Users/Admin/Documents/cytology/cytology_data/NIL (104).JPG,NIL (104).JPG,NIL,False,train
/mnt/c/Users/Admin/Documents/cytology/cytology_data/NIL (27).jpg,NIL (27).jpg,NIL,False,train
/mnt/c/Users/Admin/Documents/cytology/cytology_data/LSIL (142).JPG,LSIL (142).JPG,LSIL,False,train
/mnt/c/Users/Admin/Documents/cytology/cytology_data/LSIL (115).JPG,LSIL (115).JPG,LSIL,False,train
/mnt/c/Users/Admin/Documents/cytology/cytology_data/NIL (187).jpg,NIL (187).jpg,NIL,False,train
/mnt/c/Users/Admin/Documents/cytology/cytology_data/NIL (120).JPG,NIL (120).JPG,NIL,False,train
/mnt/c/Users/Admin/Documents/cytology/cytology_data/NIL (151).JPG,NIL (151).JPG,NIL,False,train
/mnt/c/Users/Admin/Documents/cytology/cytology_data/HSIL (3).JPG,HSIL (3).JPG,HSIL,False,train
/mnt/c/Users/Admin/Documents/cytology/cytology_data/LSIL (158).JPG,LSIL (158).JPG,LSIL,False,train
/mnt/c/Users/Admin/Documents/cytology/cytology_data/LSIL (87).jpg,LSIL (87).jpg,LSIL,False,train
/mnt/c/Users/Admin/Documents/cytology/cytology_data/LSIL (58).jpg,LSIL (58).jpg,LSIL,False,train
/mnt/c/Users/Admin/Documents/cytology/cytology_data/LSIL (130).JPG,LSIL (130).JPG,LSIL,False,train
/mnt/c/Users/Admin/Documents/cytology/cytology_data/LSIL (155).JPG,LSIL (155).JPG,LSIL,False,train
/mnt/c/Users/Admin/Documents/cytology/cytology_data/LSIL (109).jpg,LSIL (109).jpg,LSIL,False,train
/mnt/c/Users/Admin/Documents/cytology/cytology_data/LSIL (24).jpg,LSIL (24).jpg,LSIL,False,train
/mnt/c/Users/Admin/Documents/cytology/cytology_data/NIL (138).JPG,NIL (138).JPG,NIL,False,train
/mnt/c/Users/Admin/Documents/cytology/cytology_data/LSIL (59).jpg,LSIL (59).jpg,LSIL,False,train
/mnt/c/Users/Admin/Documents/cytology/cytology_data/LSIL (163).JPG,LSIL (163).JPG,LSIL,False,train
/mnt/c/Users/Admin/Documents/cytology/cytology_data/NIL (63).JPG,NIL (63).JPG,NIL,False,train
/mnt/c/Users/Admin/Documents/cytology/cytology_data/LSIL (116).JPG,LSIL (116).JPG,LSIL,False,train
/mnt/c/Users/Admin/Documents/cytology/cytology_data/NIL (22).jpg,NIL (22).jpg,NIL,False,train
/mnt/c/Users/Admin/Documents/cytology/cytology_data/HSIL (122).JPG,HSIL (122).JPG,HSIL,False,train
/mnt/c/Users/Admin/Documents/cytology/cytology_data/NIL (197).jpg,NIL (197).jpg,NIL,False,train
/mnt/c/Users/Admin/Documents/cytology/cytology_data/LSIL (111).JPG,LSIL (111).JPG,LSIL,False,train
/mnt/c/Users/Admin/Documents/cytology/cytology_data/NIL (184).jpg,NIL (184).jpg,NIL,False,train
/mnt/c/Users/Admin/Documents/cytology/cytology_data/HSIL (48).jpg,HSIL (48).jpg,HSIL,False,train
/mnt/c/Users/Admin/Documents/cytology/cytology_data/LSIL (197).jpg,LSIL (197).jpg,LSIL,False,train
/mnt/c/Users/Admin/Documents/cytology/cytology_data/HSIL (200).JPG,HSIL (200).JPG,HSIL,False,train
/mnt/c/Users/Admin/Documents/cytology/cytology_data/LSIL (199).jpg,LSIL (199).jpg,LSIL,False,train
/mnt/c/Users/Admin/Documents/cytology/cytology_data/NIL (99).JPG,NIL (99).JPG,NIL,False,train
/mnt/c/Users/Admin/Documents/cytology/cytology_data/LSIL (180).jpg,LSIL (180).jpg,LSIL,False,train
/mnt/c/Users/Admin/Documents/cytology/cytology_data/HSIL (159).JPG,HSIL (159).JPG,HSIL,False,train
/mnt/c/Users/Admin/Documents/cytology/cytology_data/HSIL (128).JPG,HSIL (128).JPG,HSIL,False,train
/mnt/c/Users/Admin/Documents/cytology/cytology_data/NIL (195).jpg,NIL (195).jpg,NIL,False,train
/mnt/c/Users/Admin/Documents/cytology/cytology_data/NIL (161).JPG,NIL (161).JPG,NIL,False,train
/mnt/c/Users/Admin/Documents/cytology/cytology_data/NIL (199).jpg,NIL (199).jpg,NIL,False,train
/mnt/c/Users/Admin/Documents/cytology/cytology_data/HSIL (27).jpg,HSIL (27).jpg,HSIL,False,train
/mnt/c/Users/Admin/Documents/cytology/cytology_data/NIL (147).JPG,NIL (147).JPG,NIL,False,train
/mnt/c/Users/Admin/Documents/cytology/cytology_data/NIL (45).jpg,NIL (45).jpg,NIL,False,train
/mnt/c/Users/Admin/Documents/cytology/cytology_data/HSIL (40).jpg,HSIL (40).jpg,HSIL,False,train
/mnt/c/Users/Admin/Documents/cytology/cytology_data/LSIL (101).jpg,LSIL (101).jpg,LSIL,False,train
/mnt/c/Users/Admin/Documents/cytology/cytology_data/LSIL (107).jpg,LSIL (107).jpg,LSIL,False,train
/mnt/c/Users/Admin/Documents/cytology/cytology_data/LSIL (8).jpg,LSIL (8).jpg,LSIL,False,train
/mnt/c/Users/Admin/Documents/cytology/cytology_data/NIL (149).JPG,NIL (149).JPG,NIL,False,train
/mnt/c/Users/Admin/Documents/cytology/cytology_data/LSIL (173).JPG,LSIL (173).JPG,LSIL,False,train
/mnt/c/Users/Admin/Documents/cytology/cytology_data/HSIL (76).JPG,HSIL (76).JPG,HSIL,False,train
/mnt/c/Users/Admin/Documents/cytology/cytology_data/HSIL (24).jpg,HSIL (24).jpg,HSIL,False,train
/mnt/c/Users/Admin/Documents/cytology/cytology_data/HSIL (183).JPG,HSIL (183).JPG,HSIL,False,train
/mnt/c/Users/Admin/Documents/cytology/cytology_data/HSIL (107).JPG,HSIL (107).JPG,HSIL,False,train
/mnt/c/Users/Admin/Documents/cytology/cytology_data/LSIL (95).jpg,LSIL (95).jpg,LSIL,False,train
/mnt/c/Users/Admin/Documents/cytology/cytology_data/LSIL (90).jpg,LSIL (90).jpg,LSIL,False,train
/mnt/c/Users/Admin/Documents/cytology/cytology_data/HSIL (187).JPG,HSIL (187).JPG,HSIL,False,train
/mnt/c/Users/Admin/Documents/cytology/cytology_data/NIL (135).JPG,NIL (135).JPG,NIL,False,train
/mnt/c/Users/Admin/Documents/cytology/cytology_data/LSIL (11).jpg,LSIL (11).jpg,LSIL,False,train
/mnt/c/Users/Admin/Documents/cytology/cytology_data/LSIL (1).jpg,LSIL (1).jpg,LSIL,False,train
/mnt/c/Users/Admin/Documents/cytology/cytology_data/NIL (54).jpg,NIL (54).jpg,NIL,False,train
/mnt/c/Users/Admin/Documents/cytology/cytology_data/HSIL (149).JPG,HSIL (149).JPG,HSIL,False,train
/mnt/c/Users/Admin/Documents/cytology/cytology_data/LSIL (68).jpg,LSIL (68).jpg,LSIL,False,train
/mnt/c/Users/Admin/Documents/cytology/cytology_data/NIL (87).JPG,NIL (87).JPG,NIL,False,train
/mnt/c/Users/Admin/Documents/cytology/cytology_data/HSIL (57).jpg,HSIL (57).jpg,HSIL,False,train
/mnt/c/Users/Admin/Documents/cytology/cytology_data/LSIL (195).jpg,LSIL (195).jpg,LSIL,False,train
/mnt/c/Users/Admin/Documents/cytology/cytology_data/LSIL (164).JPG,LSIL (164).JPG,LSIL,False,train
/mnt/c/Users/Admin/Documents/cytology/cytology_data/NIL (193).jpg,NIL (193).jpg,NIL,False,train
/mnt/c/Users/Admin/Documents/cytology/cytology_data/NIL (164).JPG,NIL (164).JPG,NIL,False,train
/mnt/c/Users/Admin/Documents/cytology/cytology_data/LSIL (17).jpg,LSIL (17).jpg,LSIL,False,train
/mnt/c/Users/Admin/Documents/cytology/cytology_data/NIL (126).JPG,NIL (126).JPG,NIL,False,train
/mnt/c/Users/Admin/Documents/cytology/cytology_data/HSIL (97).JPG,HSIL (97).JPG,HSIL,False,train
/mnt/c/Users/Admin/Documents/cytology/cytology_data/HSIL (168).JPG,HSIL (168).JPG,HSIL,False,train
/mnt/c/Users/Admin/Documents/cytology/cytology_data/LSIL (5).jpg,LSIL (5).jpg,LSIL,False,train
/mnt/c/Users/Admin/Documents/cytology/cytology_data/NIL (86).JPG,NIL (86).JPG,NIL,False,train
/mnt/c/Users/Admin/Documents/cytology/cytology_data/HSIL (155).JPG,HSIL (155).JPG,HSIL,False,train
/mnt/c/Users/Admin/Documents/cytology/cytology_data/HSIL (137).JPG,HSIL (137).JPG,HSIL,False,train
/mnt/c/Users/Admin/Documents/cytology/cytology_data/NIL (52).jpg,NIL (52).jpg,NIL,False,train
/mnt/c/Users/Admin/Documents/cytology/cytology_data/HSIL (9).JPG,HSIL (9).JPG,HSIL,False,train
/mnt/c/Users/Admin/Documents/cytology/cytology_data/NIL (79).JPG,NIL (79).JPG,NIL,False,train
/mnt/c/Users/Admin/Documents/cytology/cytology_data/LSIL (150).JPG,LSIL (150).JPG,LSIL,False,train
/mnt/c/Users/Admin/Documents/cytology/cytology_data/HSIL (68).jpg,HSIL (68).jpg,HSIL,False,train
/mnt/c/Users/Admin/Documents/cytology/cytology_data/HSIL (62).jpg,HSIL (62).jpg,HSIL,False,train
/mnt/c/Users/Admin/Documents/cytology/cytology_data/LSIL (137).JPG,LSIL (137).JPG,LSIL,False,train
/mnt/c/Users/Admin/Documents/cytology/cytology_data/NIL (16).jpg,NIL (16).jpg,NIL,False,train
/mnt/c/Users/Admin/Documents/cytology/cytology_data/LSIL (81).jpg,LSIL (81).jpg,LSIL,False,train
/mnt/c/Users/Admin/Documents/cytology/cytology_data/LSIL (165).JPG,LSIL (165).JPG,LSIL,False,train
/mnt/c/Users/Admin/Documents/cytology/cytology_data/LSIL (41).jpg,LSIL (41).jpg,LSIL,False,train
/mnt/c/Users/Admin/Documents/cytology/cytology_data/LSIL (125).JPG,LSIL (125).JPG,LSIL,False,train
/mnt/c/Users/Admin/Documents/cytology/cytology_data/NIL (196).jpg,NIL (196).jpg,NIL,False,train
/mnt/c/Users/Admin/Documents/cytology/cytology_data/NIL (122).JPG,NIL (122).JPG,NIL,False,train
/mnt/c/Users/Admin/Documents/cytology/cytology_data/LSIL (159).JPG,LSIL (159).JPG,LSIL,False,train
/mnt/c/Users/Admin/Documents/cytology/cytology_data/HSIL (102).JPG,HSIL (102).JPG,HSIL,False,train
/mnt/c/Users/Admin/Documents/cytology/cytology_data/HSIL (90).JPG,HSIL (90).JPG,HSIL,False,train
/mnt/c/Users/Admin/Documents/cytology/cytology_data/HSIL (11).JPG,HSIL (11).JPG,HSIL,False,train
/mnt/c/Users/Admin/Documents/cytology/cytology_data/HSIL (87).JPG,HSIL (87).JPG,HSIL,False,train
/mnt/c/Users/Admin/Documents/cytology/cytology_data/LSIL (30).jpg,LSIL (30).jpg,LSIL,False,train
/mnt/c/Users/Admin/Documents/cytology/cytology_data/NIL (146).JPG,NIL (146).JPG,NIL,False,train
/mnt/c/Users/Admin/Documents/cytology/cytology_data/HSIL (56).jpg,HSIL (56).jpg,HSIL,False,train
/mnt/c/Users/Admin/Documents/cytology/cytology_data/LSIL (193).jpg,LSIL (193).jpg,LSIL,False,train
/mnt/c/Users/Admin/Documents/cytology/cytology_data/NIL (192).jpg,NIL (192).jpg,NIL,False,train
/mnt/c/Users/Admin/Documents/cytology/cytology_data/LSIL (119).JPG,LSIL (119).JPG,LSIL,False,train
/mnt/c/Users/Admin/Documents/cytology/cytology_data/LSIL (6).jpg,LSIL (6).jpg,LSIL,False,train
/mnt/c/Users/Admin/Documents/cytology/cytology_data/HSIL (161).JPG,HSIL (161).JPG,HSIL,False,train
/mnt/c/Users/Admin/Documents/cytology/cytology_data/LSIL (168).JPG,LSIL (168).JPG,LSIL,False,train
/mnt/c/Users/Admin/Documents/cytology/cytology_data/HSIL (74).JPG,HSIL (74).JPG,HSIL,False,train
/mnt/c/Users/Admin/Documents/cytology/cytology_data/LSIL (191).jpg,LSIL (191).jpg,LSIL,False,train
/mnt/c/Users/Admin/Documents/cytology/cytology_data/LSIL (64).jpg,LSIL (64).jpg,LSIL,False,train
/mnt/c/Users/Admin/Documents/cytology/cytology_data/HSIL (20).JPG,HSIL (20).JPG,HSIL,False,train
/mnt/c/Users/Admin/Documents/cytology/cytology_data/HSIL (112).JPG,HSIL (112).JPG,HSIL,False,train
/mnt/c/Users/Admin/Documents/cytology/cytology_data/HSIL (131).JPG,HSIL (131).JPG,HSIL,False,train
/mnt/c/Users/Admin/Documents/cytology/cytology_data/NIL (66).JPG,NIL (66).JPG,NIL,False,train
/mnt/c/Users/Admin/Documents/cytology/cytology_data/HSIL (64).jpg,HSIL (64).jpg,HSIL,False,train
/mnt/c/Users/Admin/Documents/cytology/cytology_data/NIL (123).JPG,NIL (123).JPG,NIL,False,train
/mnt/c/Users/Admin/Documents/cytology/cytology_data/NIL (139).JPG,NIL (139).JPG,NIL,False,train
/mnt/c/Users/Admin/Documents/cytology/cytology_data/NIL (2).jpg,NIL (2).jpg,NIL,False,train
/mnt/c/Users/Admin/Documents/cytology/cytology_data/HSIL (176).JPG,HSIL (176).JPG,HSIL,False,train
/mnt/c/Users/Admin/Documents/cytology/cytology_data/LSIL (80).jpg,LSIL (80).jpg,LSIL,False,train
/mnt/c/Users/Admin/Documents/cytology/cytology_data/LSIL (179).jpg,LSIL (179).jpg,LSIL,False,train
/mnt/c/Users/Admin/Documents/cytology/cytology_data/LSIL (121).JPG,LSIL (121).JPG,LSIL,False,train
/mnt/c/Users/Admin/Documents/cytology/cytology_data/NIL (178).JPG,NIL (178).JPG,NIL,False,train
/mnt/c/Users/Admin/Documents/cytology/cytology_data/NIL (186).jpg,NIL (186).jpg,NIL,False,train
/mnt/c/Users/Admin/Documents/cytology/cytology_data/LSIL (175).JPG,LSIL (175).JPG,LSIL,False,train
/mnt/c/Users/Admin/Documents/cytology/cytology_data/NIL (55).jpg,NIL (55).jpg,NIL,False,train
/mnt/c/Users/Admin/Documents/cytology/cytology_data/HSIL (193).JPG,HSIL (193).JPG,HSIL,False,train
/mnt/c/Users/Admin/Documents/cytology/cytology_data/LSIL (138).JPG,LSIL (138).JPG,LSIL,False,train
/mnt/c/Users/Admin/Documents/cytology/cytology_data/NIL (114).JPG,NIL (114).JPG,NIL,False,train
/mnt/c/Users/Admin/Documents/cytology/cytology_data/LSIL (23).jpg,LSIL (23).jpg,LSIL,False,train
/mnt/c/Users/Admin/Documents/cytology/cytology_data/HSIL (116).JPG,HSIL (116).JPG,HSIL,False,train
/mnt/c/Users/Admin/Documents/cytology/cytology_data/NIL (30).jpg,NIL (30).jpg,NIL,False,train
/mnt/c/Users/Admin/Documents/cytology/cytology_data/HSIL (108).JPG,HSIL (108).JPG,HSIL,False,train
/mnt/c/Users/Admin/Documents/cytology/cytology_data/HSIL (129).JPG,HSIL (129).JPG,HSIL,False,train
/mnt/c/Users/Admin/Documents/cytology/cytology_data/HSIL (165).JPG,HSIL (165).JPG,HSIL,False,train
/mnt/c/Users/Admin/Documents/cytology/cytology_data/LSIL (78).jpg,LSIL (78).jpg,LSIL,False,train
/mnt/c/Users/Admin/Documents/cytology/cytology_data/LSIL (144).JPG,LSIL (144).JPG,LSIL,False,train
/mnt/c/Users/Admin/Documents/cytology/cytology_data/HSIL (153).JPG,HSIL (153).JPG,HSIL,False,train
/mnt/c/Users/Admin/Documents/cytology/cytology_data/HSIL (65).jpg,HSIL (65).jpg,HSIL,False,train
/mnt/c/Users/Admin/Documents/cytology/cytology_data/HSIL (29).jpg,HSIL (29).jpg,HSIL,False,train
/mnt/c/Users/Admin/Documents/cytology/cytology_data/NIL (158).JPG,NIL (158).JPG,NIL,False,train
/mnt/c/Users/Admin/Documents/cytology/cytology_data/NIL (68).JPG,NIL (68).JPG,NIL,False,train
/mnt/c/Users/Admin/Documents/cytology/cytology_data/NIL (59).JPG,NIL (59).JPG,NIL,False,train
/mnt/c/Users/Admin/Documents/cytology/cytology_data/NIL (131).JPG,NIL (131).JPG,NIL,False,train
/mnt/c/Users/Admin/Documents/cytology/cytology_data/NIL (69).JPG,NIL (69).JPG,NIL,False,train
/mnt/c/Users/Admin/Documents/cytology/cytology_data/LSIL (56).jpg,LSIL (56).jpg,LSIL,False,train
/mnt/c/Users/Admin/Documents/cytology/cytology_data/NIL (143).JPG,NIL (143).JPG,NIL,False,train
/mnt/c/Users/Admin/Documents/cytology/cytology_data/HSIL (41).jpg,HSIL (41).jpg,HSIL,False,train
/mnt/c/Users/Admin/Documents/cytology/cytology_data/NIL (117).JPG,NIL (117).JPG,NIL,False,train
/mnt/c/Users/Admin/Documents/cytology/cytology_data/HSIL (113).JPG,HSIL (113).JPG,HSIL,False,train
/mnt/c/Users/Admin/Documents/cytology/cytology_data/NIL (25).jpg,NIL (25).jpg,NIL,False,train
/mnt/c/Users/Admin/Documents/cytology/cytology_data/NIL (198).jpg,NIL (198).jpg,NIL,False,train
/mnt/c/Users/Admin/Documents/cytology/cytology_data/NIL (152).JPG,NIL (152).JPG,NIL,False,train
/mnt/c/Users/Admin/Documents/cytology/cytology_data/HSIL (30).jpg,HSIL (30).jpg,HSIL,False,train
/mnt/c/Users/Admin/Documents/cytology/cytology_data/NIL (172).JPG,NIL (172).JPG,NIL,False,train
/mnt/c/Users/Admin/Documents/cytology/cytology_data/LSIL (97).jpg,LSIL (97).jpg,LSIL,False,train
/mnt/c/Users/Admin/Documents/cytology/cytology_data/NIL (169).JPG,NIL (169).JPG,NIL,False,train
/mnt/c/Users/Admin/Documents/cytology/cytology_data/HSIL (71).JPG,HSIL (71).JPG,HSIL,False,train
/mnt/c/Users/Admin/Documents/cytology/cytology_data/NIL (166).JPG,NIL (166).JPG,NIL,False,train
/mnt/c/Users/Admin/Documents/cytology/cytology_data/HSIL (190).JPG,HSIL (190).JPG,HSIL,False,train
/mnt/c/Users/Admin/Documents/cytology/cytology_data/LSIL (112).JPG,LSIL (112).JPG,LSIL,False,train
/mnt/c/Users/Admin/Documents/cytology/cytology_data/HSIL (94).JPG,HSIL (94).JPG,HSIL,False,train
/mnt/c/Users/Admin/Documents/cytology/cytology_data/HSIL (158).JPG,HSIL (158).JPG,HSIL,False,train
/mnt/c/Users/Admin/Documents/cytology/cytology_data/NIL (39).jpg,NIL (39).jpg,NIL,False,train
/mnt/c/Users/Admin/Documents/cytology/cytology_data/HSIL (5).JPG,HSIL (5).JPG,HSIL,False,train
/mnt/c/Users/Admin/Documents/cytology/cytology_data/LSIL (127).JPG,LSIL (127).JPG,LSIL,False,train
/mnt/c/Users/Admin/Documents/cytology/cytology_data/NIL (53).jpg,NIL (53).jpg,NIL,False,train
/mnt/c/Users/Admin/Documents/cytology/cytology_data/NIL (113).JPG,NIL (113).JPG,NIL,False,train
/mnt/c/Users/Admin/Documents/cytology/cytology_data/LSIL (105).jpg,LSIL (105).jpg,LSIL,False,train
/mnt/c/Users/Admin/Documents/cytology/cytology_data/NIL (136).JPG,NIL (136).JPG,NIL,False,train
/mnt/c/Users/Admin/Documents/cytology/cytology_data/NIL (191).jpg,NIL (191).jpg,NIL,False,train
/mnt/c/Users/Admin/Documents/cytology/cytology_data/NIL (46).jpg,NIL (46).jpg,NIL,False,train
/mnt/c/Users/Admin/Documents/cytology/cytology_data/HSIL (69).jpg,HSIL (69).jpg,HSIL,False,train
/mnt/c/Users/Admin/Documents/cytology/cytology_data/HSIL (162).JPG,HSIL (162).JPG,HSIL,False,train
/mnt/c/Users/Admin/Documents/cytology/cytology_data/HSIL (133).JPG,HSIL (133).JPG,HSIL,False,train
/mnt/c/Users/Admin/Documents/cytology/cytology_data/NIL (13).jpg,NIL (13).jpg,NIL,False,train
/mnt/c/Users/Admin/Documents/cytology/cytology_data/NIL (127).JPG,NIL (127).JPG,NIL,False,train
/mnt/c/Users/Admin/Documents/cytology/cytology_data/NIL (103).JPG,NIL (103).JPG,NIL,False,train
/mnt/c/Users/Admin/Documents/cytology/cytology_data/NIL (116).JPG,NIL (116).JPG,NIL,False,train
/mnt/c/Users/Admin/Documents/cytology/cytology_data/HSIL (180).JPG,HSIL (180).JPG,HSIL,False,train
/mnt/c/Users/Admin/Documents/cytology/cytology_data/HSIL (88).JPG,HSIL (88).JPG,HSIL,False,train
/mnt/c/Users/Admin/Documents/cytology/cytology_data/HSIL (15).JPG,HSIL (15).JPG,HSIL,False,train
/mnt/c/Users/Admin/Documents/cytology/cytology_data/HSIL (136).JPG,HSIL (136).JPG,HSIL,False,train
/mnt/c/Users/Admin/Documents/cytology/cytology_data/LSIL (88).jpg,LSIL (88).jpg,LSIL,False,train
/mnt/c/Users/Admin/Documents/cytology/cytology_data/LSIL (143).JPG,LSIL (143).JPG,LSIL,False,train
/mnt/c/Users/Admin/Documents/cytology/cytology_data/LSIL (171).JPG,LSIL (171).JPG,LSIL,False,train
/mnt/c/Users/Admin/Documents/cytology/cytology_data/LSIL (32).jpg,LSIL (32).jpg,LSIL,False,train
/mnt/c/Users/Admin/Documents/cytology/cytology_data/HSIL (31).jpg,HSIL (31).jpg,HSIL,False,train
/mnt/c/Users/Admin/Documents/cytology/cytology_data/NIL (156).JPG,NIL (156).JPG,NIL,False,train
/mnt/c/Users/Admin/Documents/cytology/cytology_data/HSIL (100).JPG,HSIL (100).JPG,HSIL,False,train
/mnt/c/Users/Admin/Documents/cytology/cytology_data/NIL (180).JPG,NIL (180).JPG,NIL,False,train
/mnt/c/Users/Admin/Documents/cytology/cytology_data/HSIL (49).jpg,HSIL (49).jpg,HSIL,False,train
/mnt/c/Users/Admin/Documents/cytology/cytology_data/LSIL (37).jpg,LSIL (37).jpg,LSIL,False,train
/mnt/c/Users/Admin/Documents/cytology/cytology_data/LSIL (72).jpg,LSIL (72).jpg,LSIL,False,train
/mnt/c/Users/Admin/Documents/cytology/cytology_data/LSIL (156).JPG,LSIL (156).JPG,LSIL,False,train
/mnt/c/Users/Admin/Documents/cytology/cytology_data/HSIL (75).JPG,HSIL (75).JPG,HSIL,False,train
/mnt/c/Users/Admin/Documents/cytology/cytology_data/NIL (121).JPG,NIL (121).JPG,NIL,False,train
/mnt/c/Users/Admin/Documents/cytology/cytology_data/LSIL (194).jpg,LSIL (194).jpg,LSIL,False,train
/mnt/c/Users/Admin/Documents/cytology/cytology_data/NIL (134).JPG,NIL (134).JPG,NIL,False,train
/mnt/c/Users/Admin/Documents/cytology/cytology_data/HSIL (19).JPG,HSIL (19).JPG,HSIL,False,train
/mnt/c/Users/Admin/Documents/cytology/cytology_data/HSIL (38).jpg,HSIL (38).jpg,HSIL,False,train
/mnt/c/Users/Admin/Documents/cytology/cytology_data/NIL (35).jpg,NIL (35).jpg,NIL,False,train
/mnt/c/Users/Admin/Documents/cytology/cytology_data/NIL (190).jpg,NIL (190).jpg,NIL,False,train
/mnt/c/Users/Admin/Documents/cytology/cytology_data/NIL (80).JPG,NIL (80).JPG,NIL,False,train
/mnt/c/Users/Admin/Documents/cytology/cytology_data/HSIL (42).jpg,HSIL (42).jpg,HSIL,False,train
/mnt/c/Users/Admin/Documents/cytology/cytology_data/NIL (88).JPG,NIL (88).JPG,NIL,False,train
/mnt/c/Users/Admin/Documents/cytology/cytology_data/LSIL (15).jpg,LSIL (15).jpg,LSIL,False,train
/mnt/c/Users/Admin/Documents/cytology/cytology_data/HSIL (47).jpg,HSIL (47).jpg,HSIL,False,train
/mnt/c/Users/Admin/Documents/cytology/cytology_data/LSIL (7).jpg,LSIL (7).jpg,LSIL,False,train
/mnt/c/Users/Admin/Documents/cytology/cytology_data/HSIL (25).jpg,HSIL (25).jpg,HSIL,False,train
/mnt/c/Users/Admin/Documents/cytology/cytology_data/HSIL (26).jpg,HSIL (26).jpg,HSIL,False,train
/mnt/c/Users/Admin/Documents/cytology/cytology_data/LSIL (139).JPG,LSIL (139).JPG,LSIL,False,train
/mnt/c/Users/Admin/Documents/cytology/cytology_data/NIL (15).jpg,NIL (15).jpg,NIL,False,train
/mnt/c/Users/Admin/Documents/cytology/cytology_data/LSIL (183).jpg,LSIL (183).jpg,LSIL,False,train
/mnt/c/Users/Admin/Documents/cytology/cytology_data/LSIL (47).jpg,LSIL (47).jpg,LSIL,False,train
/mnt/c/Users/Admin/Documents/cytology/cytology_data/NIL (89).JPG,NIL (89).JPG,NIL,False,train
/mnt/c/Users/Admin/Documents/cytology/cytology_data/HSIL (1).JPG,HSIL (1).JPG,HSIL,False,train
/mnt/c/Users/Admin/Documents/cytology/cytology_data/NIL (162).JPG,NIL (162).JPG,NIL,False,train
/mnt/c/Users/Admin/Documents/cytology/cytology_data/HSIL (45).jpg,HSIL (45).jpg,HSIL,False,train
/mnt/c/Users/Admin/Documents/cytology/cytology_data/NIL (96).JPG,NIL (96).JPG,NIL,False,train
/mnt/c/Users/Admin/Documents/cytology/cytology_data/LSIL (53).jpg,LSIL (53).jpg,LSIL,False,train
/mnt/c/Users/Admin/Documents/cytology/cytology_data/NIL (21).jpg,NIL (21).jpg,NIL,False,train
/mnt/c/Users/Admin/Documents/cytology/cytology_data/NIL (91).JPG,NIL (91).JPG,NIL,False,train
/mnt/c/Users/Admin/Documents/cytology/cytology_data/NIL (132).JPG,NIL (132).JPG,NIL,False,train
/mnt/c/Users/Admin/Documents/cytology/cytology_data/NIL (67).JPG,NIL (67).JPG,NIL,False,train
/mnt/c/Users/Admin/Documents/cytology/cytology_data/HSIL (177).JPG,HSIL (177).JPG,HSIL,False,train
/mnt/c/Users/Admin/Documents/cytology/cytology_data/LSIL (28).jpg,LSIL (28).jpg,LSIL,False,train
/mnt/c/Users/Admin/Documents/cytology/cytology_data/HSIL (126).JPG,HSIL (126).JPG,HSIL,False,train
/mnt/c/Users/Admin/Documents/cytology/cytology_data/HSIL (139).JPG,HSIL (139).JPG,HSIL,False,train
/mnt/c/Users/Admin/Documents/cytology/cytology_data/NIL (157).JPG,NIL (157).JPG,NIL,False,train
/mnt/c/Users/Admin/Documents/cytology/cytology_data/LSIL (157).JPG,LSIL (157).JPG,LSIL,False,train
/mnt/c/Users/Admin/Documents/cytology/cytology_data/LSIL (45).jpg,LSIL (45).jpg,LSIL,False,train
/mnt/c/Users/Admin/Documents/cytology/cytology_data/NIL (58).jpg,NIL (58).jpg,NIL,False,train
/mnt/c/Users/Admin/Documents/cytology/cytology_data/HSIL (33).jpg,HSIL (33).jpg,HSIL,False,train
/mnt/c/Users/Admin/Documents/cytology/cytology_data/HSIL (109).JPG,HSIL (109).JPG,HSIL,False,train
/mnt/c/Users/Admin/Documents/cytology/cytology_data/HSIL (46).jpg,HSIL (46).jpg,HSIL,False,train
/mnt/c/Users/Admin/Documents/cytology/cytology_data/HSIL (167).JPG,HSIL (167).JPG,HSIL,False,train
/mnt/c/Users/Admin/Documents/cytology/cytology_data/HSIL (115).JPG,HSIL (115).JPG,HSIL,False,train
/mnt/c/Users/Admin/Documents/cytology/cytology_data/LSIL (27).jpg,LSIL (27).jpg,LSIL,False,train
/mnt/c/Users/Admin/Documents/cytology/cytology_data/HSIL (98).JPG,HSIL (98).JPG,HSIL,False,train
/mnt/c/Users/Admin/Documents/cytology/cytology_data/LSIL (4).jpg,LSIL (4).jpg,LSIL,False,train
/mnt/c/Users/Admin/Documents/cytology/cytology_data/NIL (62).JPG,NIL (62).JPG,NIL,False,train
/mnt/c/Users/Admin/Documents/cytology/cytology_data/HSIL (61).jpg,HSIL (61).jpg,HSIL,False,train
/mnt/c/Users/Admin/Documents/cytology/cytology_data/LSIL (42).jpg,LSIL (42).jpg,LSIL,False,train
/mnt/c/Users/Admin/Documents/cytology/cytology_data/NIL (93).JPG,NIL (93).JPG,NIL,False,train
/mnt/c/Users/Admin/Documents/cytology/cytology_data/HSIL (21).JPG,HSIL (21).JPG,HSIL,False,train
/mnt/c/Users/Admin/Documents/cytology/cytology_data/NIL (20).jpg,NIL (20).jpg,NIL,False,train
/mnt/c/Users/Admin/Documents/cytology/cytology_data/HSIL (50).jpg,HSIL (50).jpg,HSIL,False,train
/mnt/c/Users/Admin/Documents/cytology/cytology_data/NIL (4).jpg,NIL (4).jpg,NIL,False,train
/mnt/c/Users/Admin/Documents/cytology/cytology_data/HSIL (44).jpg,HSIL (44).jpg,HSIL,False,train
/mnt/c/Users/Admin/Documents/cytology/cytology_data/HSIL (91).JPG,HSIL (91).JPG,HSIL,False,train
/mnt/c/Users/Admin/Documents/cytology/cytology_data/NIL (56).jpg,NIL (56).jpg,NIL,False,train
/mnt/c/Users/Admin/Documents/cytology/cytology_data/HSIL (140).JPG,HSIL (140).JPG,HSIL,False,train
/mnt/c/Users/Admin/Documents/cytology/cytology_data/NIL (165).JPG,NIL (165).JPG,NIL,False,train
/mnt/c/Users/Admin/Documents/cytology/cytology_data/LSIL (148).JPG,LSIL (148).JPG,LSIL,False,train
/mnt/c/Users/Admin/Documents/cytology/cytology_data/HSIL (103).JPG,HSIL (103).JPG,HSIL,False,train
/mnt/c/Users/Admin/Documents/cytology/cytology_data/HSIL (52).jpg,HSIL (52).jpg,HSIL,False,train
/mnt/c/Users/Admin/Documents/cytology/cytology_data/NIL (125).JPG,NIL (125).JPG,NIL,False,train
/mnt/c/Users/Admin/Documents/cytology/cytology_data/LSIL (102).jpg,LSIL (102).jpg,LSIL,False,train
/mnt/c/Users/Admin/Documents/cytology/cytology_data/NIL (168).JPG,NIL (168).JPG,NIL,False,train
/mnt/c/Users/Admin/Documents/cytology/cytology_data/HSIL (22).jpg,HSIL (22).jpg,HSIL,False,train
/mnt/c/Users/Admin/Documents/cytology/cytology_data/HSIL (123).JPG,HSIL (123).JPG,HSIL,False,train
/mnt/c/Users/Admin/Documents/cytology/cytology_data/HSIL (198).JPG,HSIL (198).JPG,HSIL,False,train
/mnt/c/Users/Admin/Documents/cytology/cytology_data/HSIL (104).JPG,HSIL (104).JPG,HSIL,False,train
/mnt/c/Users/Admin/Documents/cytology/cytology_data/NIL (108).JPG,NIL (108).JPG,NIL,False,train
/mnt/c/Users/Admin/Documents/cytology/cytology_data/LSIL (25).jpg,LSIL (25).jpg,LSIL,False,train
/mnt/c/Users/Admin/Documents/cytology/cytology_data/HSIL (127).JPG,HSIL (127).JPG,HSIL,False,train
/mnt/c/Users/Admin/Documents/cytology/cytology_data/NIL (163).JPG,NIL (163).JPG,NIL,False,train
/mnt/c/Users/Admin/Documents/cytology/cytology_data/LSIL (93).jpg,LSIL (93).jpg,LSIL,False,train
/mnt/c/Users/Admin/Documents/cytology/cytology_data/LSIL (117).JPG,LSIL (117).JPG,LSIL,False,train
/mnt/c/Users/Admin/Documents/cytology/cytology_data/NIL (61).JPG,NIL (61).JPG,NIL,False,train
/mnt/c/Users/Admin/Documents/cytology/cytology_data/LSIL (126).JPG,LSIL (126).JPG,LSIL,False,train
/mnt/c/Users/Admin/Documents/cytology/cytology_data/HSIL (130).JPG,HSIL (130).JPG,HSIL,False,train
/mnt/c/Users/Admin/Documents/cytology/cytology_data/HSIL (66).jpg,HSIL (66).jpg,HSIL,False,train
/mnt/c/Users/Admin/Documents/cytology/cytology_data/HSIL (34).jpg,HSIL (34).jpg,HSIL,False,train
/mnt/c/Users/Admin/Documents/cytology/cytology_data/NIL (40).jpg,NIL (40).jpg,NIL,False,train
/mnt/c/Users/Admin/Documents/cytology/cytology_data/NIL (14).jpg,NIL (14).jpg,NIL,False,train
/mnt/c/Users/Admin/Documents/cytology/cytology_data/HSIL (14).JPG,HSIL (14).JPG,HSIL,False,train
/mnt/c/Users/Admin/Documents/cytology/cytology_data/LSIL (96).jpg,LSIL (96).jpg,LSIL,False,train
/mnt/c/Users/Admin/Documents/cytology/cytology_data/NIL (100).JPG,NIL (100).JPG,NIL,False,train
/mnt/c/Users/Admin/Documents/cytology/cytology_data/HSIL (169).JPG,HSIL (169).JPG,HSIL,False,train
/mnt/c/Users/Admin/Documents/cytology/cytology_data/NIL (77).JPG,NIL (77).JPG,NIL,False,train
/mnt/c/Users/Admin/Documents/cytology/cytology_data/HSIL (54).jpg,HSIL (54).jpg,HSIL,False,train
/mnt/c/Users/Admin/Documents/cytology/cytology_data/HSIL (95).JPG,HSIL (95).JPG,HSIL,False,train
/mnt/c/Users/Admin/Documents/cytology/cytology_data/LSIL (110).JPG,LSIL (110).JPG,LSIL,False,train
/mnt/c/Users/Admin/Documents/cytology/cytology_data/NIL (110).JPG,NIL (110).JPG,NIL,False,train
/mnt/c/Users/Admin/Documents/cytology/cytology_data/LSIL (98).jpg,LSIL (98).jpg,LSIL,False,train
/mnt/c/Users/Admin/Documents/cytology/cytology_data/LSIL (103).jpg,LSIL (103).jpg,LSIL,False,train
/mnt/c/Users/Admin/Documents/cytology/cytology_data/LSIL (181).jpg,LSIL (181).jpg,LSIL,False,train
/mnt/c/Users/Admin/Documents/cytology/cytology_data/LSIL (200).jpg,LSIL (200).jpg,LSIL,False,train
/mnt/c/Users/Admin/Documents/cytology/cytology_data/LSIL (176).jpg,LSIL (176).jpg,LSIL,False,train
/mnt/c/Users/Admin/Documents/cytology/cytology_data/HSIL (170).JPG,HSIL (170).JPG,HSIL,False,train
/mnt/c/Users/Admin/Documents/cytology/cytology_data/NIL (37).jpg,NIL (37).jpg,NIL,False,train
/mnt/c/Users/Admin/Documents/cytology/cytology_data/HSIL (16).JPG,HSIL (16).JPG,HSIL,False,train
/mnt/c/Users/Admin/Documents/cytology/cytology_data/LSIL (39).jpg,LSIL (39).jpg,LSIL,False,train
/mnt/c/Users/Admin/Documents/cytology/cytology_data/LSIL (169).JPG,LSIL (169).JPG,LSIL,False,train
/mnt/c/Users/Admin/Documents/cytology/cytology_data/LSIL (162).JPG,LSIL (162).JPG,LSIL,False,train
/mnt/c/Users/Admin/Documents/cytology/cytology_data/HSIL (154).JPG,HSIL (154).JPG,HSIL,False,train
/mnt/c/Users/Admin/Documents/cytology/cytology_data/NIL (142).JPG,NIL (142).JPG,NIL,False,train
/mnt/c/Users/Admin/Documents/cytology/cytology_data/LSIL (129).JPG,LSIL (129).JPG,LSIL,False,train
/mnt/c/Users/Admin/Documents/cytology/cytology_data/HSIL (72).JPG,HSIL (72).JPG,HSIL,False,train
/mnt/c/Users/Admin/Documents/cytology/cytology_data/LSIL (19).jpg,LSIL (19).jpg,LSIL,False,train
/mnt/c/Users/Admin/Documents/cytology/cytology_data/NIL (85).JPG,NIL (85).JPG,NIL,False,train
/mnt/c/Users/Admin/Documents/cytology/cytology_data/LSIL (190).jpg,LSIL (190).jpg,LSIL,False,train
/mnt/c/Users/Admin/Documents/cytology/cytology_data/HSIL (83).JPG,HSIL (83).JPG,HSIL,False,train
/mnt/c/Users/Admin/Documents/cytology/cytology_data/LSIL (91).JPG,LSIL (91).JPG,LSIL,False,train
/mnt/c/Users/Admin/Documents/cytology/cytology_data/NIL (97).JPG,NIL (97).JPG,NIL,False,train
/mnt/c/Users/Admin/Documents/cytology/cytology_data/HSIL (32).jpg,HSIL (32).jpg,HSIL,False,train
/mnt/c/Users/Admin/Documents/cytology/cytology_data/NIL (105).JPG,NIL (105).JPG,NIL,False,train
/mnt/c/Users/Admin/Documents/cytology/cytology_data/LSIL (177).jpg,LSIL (177).jpg,LSIL,False,train
/mnt/c/Users/Admin/Documents/cytology/cytology_data/HSIL (17).JPG,HSIL (17).JPG,HSIL,False,train
/mnt/c/Users/Admin/Documents/cytology/cytology_data/NIL (78).JPG,NIL (78).JPG,NIL,False,train
/mnt/c/Users/Admin/Documents/cytology/cytology_data/LSIL (113).JPG,LSIL (113).JPG,LSIL,False,train
/mnt/c/Users/Admin/Documents/cytology/cytology_data/HSIL (125).JPG,HSIL (125).JPG,HSIL,False,train
/mnt/c/Users/Admin/Documents/cytology/cytology_data/HSIL (160).JPG,HSIL (160).JPG,HSIL,False,train
/mnt/c/Users/Admin/Documents/cytology/cytology_data/LSIL (154).JPG,LSIL (154).JPG,LSIL,False,train
/mnt/c/Users/Admin/Documents/cytology/cytology_data/LSIL (118).JPG,LSIL (118).JPG,LSIL,False,train
/mnt/c/Users/Admin/Documents/cytology/cytology_data/LSIL (178).jpg,LSIL (178).jpg,LSIL,False,train
/mnt/c/Users/Admin/Documents/cytology/cytology_data/LSIL (151).JPG,LSIL (151).JPG,LSIL,False,train
/mnt/c/Users/Admin/Documents/cytology/cytology_data/NIL (17).jpg,NIL (17).jpg,NIL,False,train
/mnt/c/Users/Admin/Documents/cytology/cytology_data/LSIL (71).jpg,LSIL (71).jpg,LSIL,False,train
/mnt/c/Users/Admin/Documents/cytology/cytology_data/LSIL (86).jpg,LSIL (86).jpg,LSIL,False,train
/mnt/c/Users/Admin/Documents/cytology/cytology_data/HSIL (2).JPG,HSIL (2).JPG,HSIL,False,train
/mnt/c/Users/Admin/Documents/cytology/cytology_data/LSIL (184).jpg,LSIL (184).jpg,LSIL,False,train
/mnt/c/Users/Admin/Documents/cytology/cytology_data/NIL (106).JPG,NIL (106).JPG,NIL,False,train
/mnt/c/Users/Admin/Documents/cytology/cytology_data/NIL (82).JPG,NIL (82).JPG,NIL,False,train
/mnt/c/Users/Admin/Documents/cytology/cytology_data/NIL (75).JPG,NIL (75).JPG,NIL,False,train
/mnt/c/Users/Admin/Documents/cytology/cytology_data/LSIL (21).jpg,LSIL (21).jpg,LSIL,False,train
/mnt/c/Users/Admin/Documents/cytology/cytology_data/NIL (74).JPG,NIL (74).JPG,NIL,False,train
/mnt/c/Users/Admin/Documents/cytology/cytology_data/HSIL (120).JPG,HSIL (120).JPG,HSIL,False,train
/mnt/c/Users/Admin/Documents/cytology/cytology_data/NIL (177).JPG,NIL (177).JPG,NIL,False,train
/mnt/c/Users/Admin/Documents/cytology/cytology_data/LSIL (70).jpg,LSIL (70).jpg,LSIL,False,train
/mnt/c/Users/Admin/Documents/cytology/cytology_data/HSIL (157).JPG,HSIL (157).JPG,HSIL,False,train
/mnt/c/Users/Admin/Documents/cytology/cytology_data/NIL (38).jpg,NIL (38).jpg,NIL,False,train
/mnt/c/Users/Admin/Documents/cytology/cytology_data/LSIL (114).JPG,LSIL (114).JPG,LSIL,False,train
/mnt/c/Users/Admin/Documents/cytology/cytology_data/LSIL (120).JPG,LSIL (120).JPG,LSIL,False,train
/mnt/c/Users/Admin/Documents/cytology/cytology_data/HSIL (185).JPG,HSIL (185).JPG,HSIL,False,train
/mnt/c/Users/Admin/Documents/cytology/cytology_data/NIL (98).JPG,NIL (98).JPG,NIL,False,train
/mnt/c/Users/Admin/Documents/cytology/cytology_data/LSIL (149).JPG,LSIL (149).JPG,LSIL,False,train
/mnt/c/Users/Admin/Documents/cytology/cytology_data/HSIL (188).JPG,HSIL (188).JPG,HSIL,False,train
/mnt/c/Users/Admin/Documents/cytology/cytology_data/NIL (94).JPG,NIL (94).JPG,NIL,False,train
/mnt/c/Users/Admin/Documents/cytology/cytology_data/LSIL (122).JPG,LSIL (122).JPG,LSIL,False,train
/mnt/c/Users/Admin/Documents/cytology/cytology_data/NIL (111).JPG,NIL (111).JPG,NIL,False,train
/mnt/c/Users/Admin/Documents/cytology/cytology_data/LSIL (38).jpg,LSIL (38).jpg,LSIL,False,train
/mnt/c/Users/Admin/Documents/cytology/cytology_data/LSIL (134).JPG,LSIL (134).JPG,LSIL,False,train
/mnt/c/Users/Admin/Documents/cytology/cytology_data/LSIL (40).jpg,LSIL (40).jpg,LSIL,False,train
/mnt/c/Users/Admin/Documents/cytology/cytology_data/HSIL (67).jpg,HSIL (67).jpg,HSIL,False,train
/mnt/c/Users/Admin/Documents/cytology/cytology_data/HSIL (173).JPG,HSIL (173).JPG,HSIL,False,train
/mnt/c/Users/Admin/Documents/cytology/cytology_data/NIL (171).JPG,NIL (171).JPG,NIL,False,train
/mnt/c/Users/Admin/Documents/cytology/cytology_data/LSIL (14).jpg,LSIL (14).jpg,LSIL,False,train
/mnt/c/Users/Admin/Documents/cytology/cytology_data/HSIL (119).JPG,HSIL (119).JPG,HSIL,False,train
/mnt/c/Users/Admin/Documents/cytology/cytology_data/LSIL (124).JPG,LSIL (124).JPG,LSIL,False,train
/mnt/c/Users/Admin/Documents/cytology/cytology_data/LSIL (140).JPG,LSIL (140).JPG,LSIL,False,train
/mnt/c/Users/Admin/Documents/cytology/cytology_data/LSIL (18).jpg,LSIL (18).jpg,LSIL,False,val
/mnt/c/Users/Admin/Documents/cytology/cytology_data/NIL (176).JPG,NIL (176).JPG,NIL,False,val
/mnt/c/Users/Admin/Documents/cytology/cytology_data/NIL (44).jpg,NIL (44).jpg,NIL,False,val
/mnt/c/Users/Admin/Documents/cytology/cytology_data/HSIL (70).JPG,HSIL (70).JPG,HSIL,False,val
/mnt/c/Users/Admin/Documents/cytology/cytology_data/NIL (112).JPG,NIL (112).JPG,NIL,False,val
/mnt/c/Users/Admin/Documents/cytology/cytology_data/HSIL (135).JPG,HSIL (135).JPG,HSIL,False,val
/mnt/c/Users/Admin/Documents/cytology/cytology_data/NIL (36).jpg,NIL (36).jpg,NIL,False,val
/mnt/c/Users/Admin/Documents/cytology/cytology_data/LSIL (65).jpg,LSIL (65).jpg,LSIL,False,val
/mnt/c/Users/Admin/Documents/cytology/cytology_data/NIL (118).JPG,NIL (118).JPG,NIL,False,val
/mnt/c/Users/Admin/Documents/cytology/cytology_data/NIL (47).jpg,NIL (47).jpg,NIL,False,val
/mnt/c/Users/Admin/Documents/cytology/cytology_data/NIL (71).JPG,NIL (71).JPG,NIL,False,val
/mnt/c/Users/Admin/Documents/cytology/cytology_data/LSIL (31).jpg,LSIL (31).jpg,LSIL,False,val
/mnt/c/Users/Admin/Documents/cytology/cytology_data/LSIL (36).jpg,LSIL (36).jpg,LSIL,False,val
/mnt/c/Users/Admin/Documents/cytology/cytology_data/LSIL (33).jpg,LSIL (33).jpg,LSIL,False,val
/mnt/c/Users/Admin/Documents/cytology/cytology_data/NIL (60).JPG,NIL (60).JPG,NIL,False,val
/mnt/c/Users/Admin/Documents/cytology/cytology_data/HSIL (110).JPG,HSIL (110).JPG,HSIL,False,val
/mnt/c/Users/Admin/Documents/cytology/cytology_data/HSIL (39).jpg,HSIL (39).jpg,HSIL,False,val
/mnt/c/Users/Admin/Documents/cytology/cytology_data/NIL (153).JPG,NIL (153).JPG,NIL,False,val
/mnt/c/Users/Admin/Documents/cytology/cytology_data/LSIL (73).jpg,LSIL (73).jpg,LSIL,False,val
/mnt/c/Users/Admin/Documents/cytology/cytology_data/NIL (9).jpg,NIL (9).jpg,NIL,False,val
/mnt/c/Users/Admin/Documents/cytology/cytology_data/LSIL (48).jpg,LSIL (48).jpg,LSIL,False,val
/mnt/c/Users/Admin/Documents/cytology/cytology_data/NIL (185).jpg,NIL (185).jpg,NIL,False,val
/mnt/c/Users/Admin/Documents/cytology/cytology_data/NIL (50).jpg,NIL (50).jpg,NIL,False,val
/mnt/c/Users/Admin/Documents/cytology/cytology_data/NIL (7).jpg,NIL (7).jpg,NIL,False,val
/mnt/c/Users/Admin/Documents/cytology/cytology_data/NIL (84).JPG,NIL (84).JPG,NIL,False,val
/mnt/c/Users/Admin/Documents/cytology/cytology_data/NIL (72).JPG,NIL (72).JPG,NIL,False,val
/mnt/c/Users/Admin/Documents/cytology/cytology_data/NIL (140).JPG,NIL (140).JPG,NIL,False,val
/mnt/c/Users/Admin/Documents/cytology/cytology_data/LSIL (92).JPG,LSIL (92).JPG,LSIL,False,val
/mnt/c/Users/Admin/Documents/cytology/cytology_data/HSIL (179).JPG,HSIL (179).JPG,HSIL,False,val
/mnt/c/Users/Admin/Documents/cytology/cytology_data/LSIL (50).jpg,LSIL (50).jpg,LSIL,False,val
/mnt/c/Users/Admin/Documents/cytology/cytology_data/LSIL (10).jpg,LSIL (10).jpg,LSIL,False,val
/mnt/c/Users/Admin/Documents/cytology/cytology_data/HSIL (199).JPG,HSIL (199).JPG,HSIL,False,val
/mnt/c/Users/Admin/Documents/cytology/cytology_data/LSIL (2).jpg,LSIL (2).jpg,LSIL,False,val
/mnt/c/Users/Admin/Documents/cytology/cytology_data/NIL (119).JPG,NIL (119).JPG,NIL,False,val
/mnt/c/Users/Admin/Documents/cytology/cytology_data/NIL (49).jpg,NIL (49).jpg,NIL,False,val
/mnt/c/Users/Admin/Documents/cytology/cytology_data/LSIL (135).JPG,LSIL (135).JPG,LSIL,False,val
/mnt/c/Users/Admin/Documents/cytology/cytology_data/HSIL (150).JPG,HSIL (150).JPG,HSIL,False,val
/mnt/c/Users/Admin/Documents/cytology/cytology_data/NIL (194).jpg,NIL (194).jpg,NIL,False,val
/mnt/c/Users/Admin/Documents/cytology/cytology_data/HSIL (8).JPG,HSIL (8).JPG,HSIL,False,val
/mnt/c/Users/Admin/Documents/cytology/cytology_data/NIL (6).jpg,NIL (6).jpg,NIL,False,val
/mnt/c/Users/Admin/Documents/cytology/cytology_data/HSIL (118).JPG,HSIL (118).JPG,HSIL,False,val
/mnt/c/Users/Admin/Documents/cytology/cytology_data/LSIL (57).jpg,LSIL (57).jpg,LSIL,False,val
/mnt/c/Users/Admin/Documents/cytology/cytology_data/LSIL (132).JPG,LSIL (132).JPG,LSIL,False,val
/mnt/c/Users/Admin/Documents/cytology/cytology_data/LSIL (153).JPG,LSIL (153).JPG,LSIL,False,val
/mnt/c/Users/Admin/Documents/cytology/cytology_data/HSIL (192).JPG,HSIL (192).JPG,HSIL,False,val
/mnt/c/Users/Admin/Documents/cytology/cytology_data/LSIL (147).JPG,LSIL (147).JPG,LSIL,False,val
/mnt/c/Users/Admin/Documents/cytology/cytology_data/HSIL (105).JPG,HSIL (105).JPG,HSIL,False,val
/mnt/c/Users/Admin/Documents/cytology/cytology_data/LSIL (84).jpg,LSIL (84).jpg,LSIL,False,val
/mnt/c/Users/Admin/Documents/cytology/cytology_data/LSIL (186).JPG,LSIL (186).JPG,LSIL,False,val
/mnt/c/Users/Admin/Documents/cytology/cytology_data/LSIL (77).jpg,LSIL (77).jpg,LSIL,False,val
/mnt/c/Users/Admin/Documents/cytology/cytology_data/LSIL (188).JPG,LSIL (188).JPG,LSIL,False,val
/mnt/c/Users/Admin/Documents/cytology/cytology_data/HSIL (141).JPG,HSIL (141).JPG,HSIL,False,val
/mnt/c/Users/Admin/Documents/cytology/cytology_data/LSIL (62).jpg,LSIL (62).jpg,LSIL,False,val
/mnt/c/Users/Admin/Documents/cytology/cytology_data/LSIL (128).JPG,LSIL (128).JPG,LSIL,False,val
/mnt/c/Users/Admin/Documents/cytology/cytology_data/HSIL (93).JPG,HSIL (93).JPG,HSIL,False,val
/mnt/c/Users/Admin/Documents/cytology/cytology_data/LSIL (9).jpg,LSIL (9).jpg,LSIL,False,val
/mnt/c/Users/Admin/Documents/cytology/cytology_data/NIL (154).JPG,NIL (154).JPG,NIL,False,val
/mnt/c/Users/Admin/Documents/cytology/cytology_data/LSIL (160).JPG,LSIL (160).JPG,LSIL,False,val
/mnt/c/Users/Admin/Documents/cytology/cytology_data/NIL (183).jpg,NIL (183).jpg,NIL,False,val
/mnt/c/Users/Admin/Documents/cytology/cytology_data/HSIL (96).JPG,HSIL (96).JPG,HSIL,False,val
/mnt/c/Users/Admin/Documents/cytology/cytology_data/NIL (57).jpg,NIL (57).jpg,NIL,False,val
/mnt/c/Users/Admin/Documents/cytology/cytology_data/NIL (42).jpg,NIL (42).jpg,NIL,False,val
/mnt/c/Users/Admin/Documents/cytology/cytology_data/HSIL (182).JPG,HSIL (182).JPG,HSIL,False,val
/mnt/c/Users/Admin/Documents/cytology/cytology_data/LSIL (26).jpg,LSIL (26).jpg,LSIL,False,val
/mnt/c/Users/Admin/Documents/cytology/cytology_data/NIL (24).jpg,NIL (24).jpg,NIL,False,val
/mnt/c/Users/Admin/Documents/cytology/cytology_data/NIL (175).JPG,NIL (175).JPG,NIL,False,val
/mnt/c/Users/Admin/Documents/cytology/cytology_data/HSIL (60).jpg,HSIL (60).jpg,HSIL,False,val
/mnt/c/Users/Admin/Documents/cytology/cytology_data/HSIL (142).JPG,HSIL (142).JPG,HSIL,False,val
/mnt/c/Users/Admin/Documents/cytology/cytology_data/LSIL (12).jpg,LSIL (12).jpg,LSIL,False,val
/mnt/c/Users/Admin/Documents/cytology/cytology_data/LSIL (83).jpg,LSIL (83).jpg,LSIL,False,val
/mnt/c/Users/Admin/Documents/cytology/cytology_data/NIL (3).jpg,NIL (3).jpg,NIL,False,val
/mnt/c/Users/Admin/Documents/cytology/cytology_data/LSIL (146).JPG,LSIL (146).JPG,LSIL,False,val
/mnt/c/Users/Admin/Documents/cytology/cytology_data/LSIL (20).jpg,LSIL (20).jpg,LSIL,False,val
/mnt/c/Users/Admin/Documents/cytology/cytology_data/HSIL (189).JPG,HSIL (189).JPG,HSIL,False,val
/mnt/c/Users/Admin/Documents/cytology/cytology_data/NIL (32).jpg,NIL (32).jpg,NIL,False,val
/mnt/c/Users/Admin/Documents/cytology/cytology_data/LSIL (82).jpg,LSIL (82).jpg,LSIL,False,val
/mnt/c/Users/Admin/Documents/cytology/cytology_data/HSIL (58).jpg,HSIL (58).jpg,HSIL,False,val
/mnt/c/Users/Admin/Documents/cytology/cytology_data/HSIL (181).JPG,HSIL (181).JPG,HSIL,False,val
/mnt/c/Users/Admin/Documents/cytology/cytology_data/HSIL (85).JPG,HSIL (85).JPG,HSIL,False,val
/mnt/c/Users/Admin/Documents/cytology/cytology_data/HSIL (28).jpg,HSIL (28).jpg,HSIL,False,val
/mnt/c/Users/Admin/Documents/cytology/cytology_data/LSIL (66).jpg,LSIL (66).jpg,LSIL,False,val
/mnt/c/Users/Admin/Documents/cytology/cytology_data/LSIL (60).jpg,LSIL (60).jpg,LSIL,False,val
/mnt/c/Users/Admin/Documents/cytology/cytology_data/NIL (107).JPG,NIL (107).JPG,NIL,False,val
/mnt/c/Users/Admin/Documents/cytology/cytology_data/NIL (133).JPG,NIL (133).JPG,NIL,False,val
/mnt/c/Users/Admin/Documents/cytology/cytology_data/LSIL (185).JPG,LSIL (185).JPG,LSIL,False,val
/mnt/c/Users/Admin/Documents/cytology/cytology_data/HSIL (196).JPG,HSIL (196).JPG,HSIL,False,val
/mnt/c/Users/Admin/Documents/cytology/cytology_data/HSIL (148).JPG,HSIL (148).JPG,HSIL,False,val
/mnt/c/Users/Admin/Documents/cytology/cytology_data/HSIL (10).JPG,HSIL (10).JPG,HSIL,False,val
/mnt/c/Users/Admin/Documents/cytology/cytology_data/LSIL (172).JPG,LSIL (172).JPG,LSIL,False,val
/mnt/c/Users/Admin/Documents/cytology/cytology_data/NIL (48).jpg,NIL (48).jpg,NIL,False,val
/mnt/c/Users/Admin/Documents/cytology/cytology_data/HSIL (86).JPG,HSIL (86).JPG,HSIL,False,val
/mnt/c/Users/Admin/Documents/cytology/cytology_data/HSIL (92).JPG,HSIL (92).JPG,HSIL,False,val
/mnt/c/Users/Admin/Documents/cytology/cytology_data/HSIL (55).jpg,HSIL (55).jpg,HSIL,False,val
/mnt/c/Users/Admin/Documents/cytology/cytology_data/HSIL (164).JPG,HSIL (164).JPG,HSIL,False,val
/mnt/c/Users/Admin/Documents/cytology/cytology_data/LSIL (89).jpg,LSIL (89).jpg,LSIL,False,val
/mnt/c/Users/Admin/Documents/cytology/cytology_data/HSIL (77).JPG,HSIL (77).JPG,HSIL,False,val
/mnt/c/Users/Admin/Documents/cytology/cytology_data/LSIL (35).jpg,LSIL (35).jpg,LSIL,False,val
/mnt/c/Users/Admin/Documents/cytology/cytology_data/NIL (128).JPG,NIL (128).JPG,NIL,False,val
/mnt/c/Users/Admin/Documents/cytology/cytology_data/HSIL (163).JPG,HSIL (163).JPG,HSIL,False,val
/mnt/c/Users/Admin/Documents/cytology/cytology_data/LSIL (187).JPG,LSIL (187).JPG,LSIL,False,val
/mnt/c/Users/Admin/Documents/cytology/cytology_data/NIL (200).jpg,NIL (200).jpg,NIL,False,val
/mnt/c/Users/Admin/Documents/cytology/cytology_data/HSIL (152).JPG,HSIL (152).JPG,HSIL,False,val
/mnt/c/Users/Admin/Documents/cytology/cytology_data/HSIL (147).JPG,HSIL (147).JPG,HSIL,False,val
/mnt/c/Users/Admin/Documents/cytology/cytology_data/NIL (179).JPG,NIL (179).JPG,NIL,False,val
/mnt/c/Users/Admin/Documents/cytology/cytology_data/LSIL (69).jpg,LSIL (69).jpg,LSIL,False,val
/mnt/c/Users/Admin/Documents/cytology/cytology_data/NIL (76).JPG,NIL (76).JPG,NIL,False,val
/mnt/c/Users/Admin/Documents/cytology/cytology_data/HSIL (82).JPG,HSIL (82).JPG,HSIL,False,val
/mnt/c/Users/Admin/Documents/cytology/cytology_data/HSIL (51).jpg,HSIL (51).jpg,HSIL,False,val
/mnt/c/Users/Admin/Documents/cytology/cytology_data/LSIL (76).jpg,LSIL (76).jpg,LSIL,False,val
/mnt/c/Users/Admin/Documents/cytology/cytology_data/NIL (160).JPG,NIL (160).JPG,NIL,False,val
/mnt/c/Users/Admin/Documents/cytology/cytology_data/LSIL (170).JPG,LSIL (170).JPG,LSIL,False,val
/mnt/c/Users/Admin/Documents/cytology/cytology_data/NIL (170).JPG,NIL (170).JPG,NIL,False,val
/mnt/c/Users/Admin/Documents/cytology/cytology_data/HSIL (134).JPG,HSIL (134).JPG,HSIL,False,val
/mnt/c/Users/Admin/Documents/cytology/cytology_data/HSIL (35).jpg,HSIL (35).jpg,HSIL,False,val
/mnt/c/Users/Admin/Documents/cytology/cytology_data/NIL (181).jpg,NIL (181).jpg,NIL,False,val
/mnt/c/Users/Admin/Documents/cytology/cytology_data/NIL (31).jpg,NIL (31).jpg,NIL,False,val
/mnt/c/Users/Admin/Documents/cytology/cytology_data/HSIL (13).JPG,HSIL (13).JPG,HSIL,False,val
/mnt/c/Users/Admin/Documents/cytology/cytology_data/HSIL (132).JPG,HSIL (132).JPG,HSIL,False,val
/mnt/c/Users/Admin/Documents/cytology/cytology_data/HSIL (144).JPG,HSIL (144).JPG,HSIL,False,val
/mnt/c/Users/Admin/Documents/cytology/cytology_data/NIL (95).JPG,NIL (95).JPG,NIL,False,val
/mnt/c/Users/Admin/Documents/cytology/cytology_data/LSIL (79).jpg,LSIL (79).jpg,LSIL,False,test
/mnt/c/Users/Admin/Documents/cytology/cytology_data/LSIL (198).jpg,LSIL (198).jpg,LSIL,False,test
/mnt/c/Users/Admin/Documents/cytology/cytology_data/LSIL (67).jpg,LSIL (67).jpg,LSIL,False,test
/mnt/c/Users/Admin/Documents/cytology/cytology_data/HSIL (37).jpg,HSIL (37).jpg,HSIL,False,test
/mnt/c/Users/Admin/Documents/cytology/cytology_data/NIL (73).JPG,NIL (73).JPG,NIL,False,test
/mnt/c/Users/Admin/Documents/cytology/cytology_data/HSIL (151).JPG,HSIL (151).JPG,HSIL,False,test
/mnt/c/Users/Admin/Documents/cytology/cytology_data/HSIL (194).JPG,HSIL (194).JPG,HSIL,False,test
/mnt/c/Users/Admin/Documents/cytology/cytology_data/LSIL (63).jpg,LSIL (63).jpg,LSIL,False,test
/mnt/c/Users/Admin/Documents/cytology/cytology_data/LSIL (182).jpg,LSIL (182).jpg,LSIL,False,test
/mnt/c/Users/Admin/Documents/cytology/cytology_data/HSIL (23).jpg,HSIL (23).jpg,HSIL,False,test
/mnt/c/Users/Admin/Documents/cytology/cytology_data/HSIL (4).JPG,HSIL (4).JPG,HSIL,False,test
/mnt/c/Users/Admin/Documents/cytology/cytology_data/NIL (155).JPG,NIL (155).JPG,NIL,False,test
/mnt/c/Users/Admin/Documents/cytology/cytology_data/HSIL (114).JPG,HSIL (114).JPG,HSIL,False,test
/mnt/c/Users/Admin/Documents/cytology/cytology_data/NIL (28).jpg,NIL (28).jpg,NIL,False,test
/mnt/c/Users/Admin/Documents/cytology/cytology_data/LSIL (29).jpg,LSIL (29).jpg,LSIL,False,test
/mnt/c/Users/Admin/Documents/cytology/cytology_data/HSIL (184).JPG,HSIL (184).JPG,HSIL,False,test
/mnt/c/Users/Admin/Documents/cytology/cytology_data/NIL (167).JPG,NIL (167).JPG,NIL,False,test
/mnt/c/Users/Admin/Documents/cytology/cytology_data/HSIL (138).JPG,HSIL (138).JPG,HSIL,False,test
/mnt/c/Users/Admin/Documents/cytology/cytology_data/LSIL (189).JPG,LSIL (189).JPG,LSIL,False,test
/mnt/c/Users/Admin/Documents/cytology/cytology_data/NIL (101).JPG,NIL (101).JPG,NIL,False,test
/mnt/c/Users/Admin/Documents/cytology/cytology_data/NIL (92).JPG,NIL (92).JPG,NIL,False,test
/mnt/c/Users/Admin/Documents/cytology/cytology_data/NIL (174).JPG,NIL (174).JPG,NIL,False,test
/mnt/c/Users/Admin/Documents/cytology/cytology_data/HSIL (195).JPG,HSIL (195).JPG,HSIL,False,test
/mnt/c/Users/Admin/Documents/cytology/cytology_data/LSIL (100).jpg,LSIL (100).jpg,LSIL,False,test
/mnt/c/Users/Admin/Documents/cytology/cytology_data/LSIL (46).jpg,LSIL (46).jpg,LSIL,False,test
/mnt/c/Users/Admin/Documents/cytology/cytology_data/LSIL (16).jpg,LSIL (16).jpg,LSIL,False,test
/mnt/c/Users/Admin/Documents/cytology/cytology_data/NIL (19).jpg,NIL (19).jpg,NIL,False,test
/mnt/c/Users/Admin/Documents/cytology/cytology_data/NIL (115).JPG,NIL (115).JPG,NIL,False,test
/mnt/c/Users/Admin/Documents/cytology/cytology_data/NIL (26).jpg,NIL (26).jpg,NIL,False,test
/mnt/c/Users/Admin/Documents/cytology/cytology_data/HSIL (146).JPG,HSIL (146).JPG,HSIL,False,test
/mnt/c/Users/Admin/Documents/cytology/cytology_data/NIL (10).jpg,NIL (10).jpg,NIL,False,test
/mnt/c/Users/Admin/Documents/cytology/cytology_data/LSIL (43).jpg,LSIL (43).jpg,LSIL,False,test
/mnt/c/Users/Admin/Documents/cytology/cytology_data/NIL (83).JPG,NIL (83).JPG,NIL,False,test
/mnt/c/Users/Admin/Documents/cytology/cytology_data/NIL (150).JPG,NIL (150).JPG,NIL,False,test
/mnt/c/Users/Admin/Documents/cytology/cytology_data/HSIL (166).JPG,HSIL (166).JPG,HSIL,False,test
/mnt/c/Users/Admin/Documents/cytology/cytology_data/HSIL (63).jpg,HSIL (63).jpg,HSIL,False,test
/mnt/c/Users/Admin/Documents/cytology/cytology_data/NIL (145).JPG,NIL (145).JPG,NIL,False,test
/mnt/c/Users/Admin/Documents/cytology/cytology_data/LSIL (13).jpg,LSIL (13).jpg,LSIL,False,test
/mnt/c/Users/Admin/Documents/cytology/cytology_data/NIL (148).JPG,NIL (148).JPG,NIL,False,test
/mnt/c/Users/Admin/Documents/cytology/cytology_data/NIL (189).jpg,NIL (189).jpg,NIL,False,test
/mnt/c/Users/Admin/Documents/cytology/cytology_data/LSIL (133).JPG,LSIL (133).JPG,LSIL,False,test
/mnt/c/Users/Admin/Documents/cytology/cytology_data/LSIL (22).jpg,LSIL (22).jpg,LSIL,False,test
/mnt/c/Users/Admin/Documents/cytology/cytology_data/NIL (18).jpg,NIL (18).jpg,NIL,False,test
/mnt/c/Users/Admin/Documents/cytology/cytology_data/NIL (90).JPG,NIL (90).JPG,NIL,False,test
/mnt/c/Users/Admin/Documents/cytology/cytology_data/HSIL (106).JPG,HSIL (106).JPG,HSIL,False,test
/mnt/c/Users/Admin/Documents/cytology/cytology_data/NIL (109).JPG,NIL (109).JPG,NIL,False,test
/mnt/c/Users/Admin/Documents/cytology/cytology_data/HSIL (101).JPG,HSIL (101).JPG,HSIL,False,test
/mnt/c/Users/Admin/Documents/cytology/cytology_data/HSIL (53).jpg,HSIL (53).jpg,HSIL,False,test
/mnt/c/Users/Admin/Documents/cytology/cytology_data/NIL (5).jpg,NIL (5).jpg,NIL,False,test
/mnt/c/Users/Admin/Documents/cytology/cytology_data/HSIL (81).JPG,HSIL (81).JPG,HSIL,False,test
/mnt/c/Users/Admin/Documents/cytology/cytology_data/LSIL (152).JPG,LSIL (152).JPG,LSIL,False,test
/mnt/c/Users/Admin/Documents/cytology/cytology_data/HSIL (174).JPG,HSIL (174).JPG,HSIL,False,test
/mnt/c/Users/Admin/Documents/cytology/cytology_data/NIL (137).JPG,NIL (137).JPG,NIL,False,test
/mnt/c/Users/Admin/Documents/cytology/cytology_data/HSIL (73).JPG,HSIL (73).JPG,HSIL,False,test
/mnt/c/Users/Admin/Documents/cytology/cytology_data/NIL (23).jpg,NIL (23).jpg,NIL,False,test
/mnt/c/Users/Admin/Documents/cytology/cytology_data/HSIL (89).JPG,HSIL (89).JPG,HSIL,False,test
/mnt/c/Users/Admin/Documents/cytology/cytology_data/HSIL (7).JPG,HSIL (7).JPG,HSIL,False,test
/mnt/c/Users/Admin/Documents/cytology/cytology_data/HSIL (6).JPG,HSIL (6).JPG,HSIL,False,test
/mnt/c/Users/Admin/Documents/cytology/cytology_data/LSIL (192).jpg,LSIL (192).jpg,LSIL,False,test
/mnt/c/Users/Admin/Documents/cytology/cytology_data/NIL (188).jpg,NIL (188).jpg,NIL,False,test
/mnt/c/Users/Admin/Documents/cytology/cytology_data/NIL (144).JPG,NIL (144).JPG,NIL,False,test
/mnt/c/Users/Admin/Documents/cytology/cytology_data/NIL (11).jpg,NIL (11).jpg,NIL,False,test
/mnt/c/Users/Admin/Documents/cytology/cytology_data/LSIL (145).JPG,LSIL (145).JPG,LSIL,False,test
/mnt/c/Users/Admin/Documents/cytology/cytology_data/HSIL (18).JPG,HSIL (18).JPG,HSIL,False,test
/mnt/c/Users/Admin/Documents/cytology/cytology_data/LSIL (34).jpg,LSIL (34).jpg,LSIL,False,test
/mnt/c/Users/Admin/Documents/cytology/cytology_data/LSIL (75).jpg,LSIL (75).jpg,LSIL,False,test
/mnt/c/Users/Admin/Documents/cytology/cytology_data/HSIL (36).jpg,HSIL (36).jpg,HSIL,False,test
/mnt/c/Users/Admin/Documents/cytology/cytology_data/LSIL (61).jpg,LSIL (61).jpg,LSIL,False,test
/mnt/c/Users/Admin/Documents/cytology/cytology_data/HSIL (80).JPG,HSIL (80).JPG,HSIL,False,test
/mnt/c/Users/Admin/Documents/cytology/cytology_data/LSIL (106).jpg,LSIL (106).jpg,LSIL,False,test
/mnt/c/Users/Admin/Documents/cytology/cytology_data/LSIL (85).jpg,LSIL (85).jpg,LSIL,False,test
/mnt/c/Users/Admin/Documents/cytology/cytology_data/NIL (1).jpg,NIL (1).jpg,NIL,False,test
/mnt/c/Users/Admin/Documents/cytology/cytology_data/NIL (64).JPG,NIL (64).JPG,NIL,False,test
/mnt/c/Users/Admin/Documents/cytology/cytology_data/LSIL (174).JPG,LSIL (174).JPG,LSIL,False,test
/mnt/c/Users/Admin/Documents/cytology/cytology_data/NIL (41).jpg,NIL (41).jpg,NIL,False,test
/mnt/c/Users/Admin/Documents/cytology/cytology_data/LSIL (52).jpg,LSIL (52).jpg,LSIL,False,test
/mnt/c/Users/Admin/Documents/cytology/cytology_data/NIL (65).JPG,NIL (65).JPG,NIL,False,test
/mnt/c/Users/Admin/Documents/cytology/cytology_data/LSIL (104).jpg,LSIL (104).jpg,LSIL,False,test
/mnt/c/Users/Admin/Documents/cytology/cytology_data/LSIL (54).jpg,LSIL (54).jpg,LSIL,False,test
/mnt/c/Users/Admin/Documents/cytology/cytology_data/NIL (12).jpg,NIL (12).jpg,NIL,False,test
/mnt/c/Users/Admin/Documents/cytology/cytology_data/NIL (8).jpg,NIL (8).jpg,NIL,False,test
/mnt/c/Users/Admin/Documents/cytology/cytology_data/HSIL (156).JPG,HSIL (156).JPG,HSIL,False,test
/mnt/c/Users/Admin/Documents/cytology/cytology_data/LSIL (3).jpg,LSIL (3).jpg,LSIL,False,test
/mnt/c/Users/Admin/Documents/cytology/cytology_data/NIL (81).JPG,NIL (81).JPG,NIL,False,test
/mnt/c/Users/Admin/Documents/cytology/cytology_data/LSIL (108).jpg,LSIL (108).jpg,LSIL,False,test
/mnt/c/Users/Admin/Documents/cytology/cytology_data/NIL (34).jpg,NIL (34).jpg,NIL,False,test
/mnt/c/Users/Admin/Documents/cytology/cytology_data/LSIL (141).JPG,LSIL (141).JPG,LSIL,False,test
/mnt/c/Users/Admin/Documents/cytology/cytology_data/NIL (124).JPG,NIL (124).JPG,NIL,False,test
/mnt/c/Users/Admin/Documents/cytology/cytology_data/LSIL (166).JPG,LSIL (166).JPG,LSIL,False,test
/mnt/c/Users/Admin/Documents/cytology/cytology_data/NIL (33).jpg,NIL (33).jpg,NIL,False,test
/mnt/c/Users/Admin/Documents/cytology/cytology_data/HSIL (84).JPG,HSIL (84).JPG,HSIL,False,test
/mnt/c/Users/Admin/Documents/cytology/cytology_data/LSIL (94).jpg,LSIL (94).jpg,LSIL,False,test
/mnt/c/Users/Admin/Documents/cytology/cytology_data/NIL (159).JPG,NIL (159).JPG,NIL,False,test
/mnt/c/Users/Admin/Documents/cytology/cytology_data/HSIL (12).JPG,HSIL (12).JPG,HSIL,False,test
/mnt/c/Users/Admin/Documents/cytology/cytology_data/NIL (141).JPG,NIL (141).JPG,NIL,False,test
/mnt/c/Users/Admin/Documents/cytology/cytology_data/LSIL (74).jpg,LSIL (74).jpg,LSIL,False,test
/mnt/c/Users/Admin/Documents/cytology/cytology_data/HSIL (171).JPG,HSIL (171).JPG,HSIL,False,test
/mnt/c/Users/Admin/Documents/cytology/cytology_data/HSIL (197).JPG,HSIL (197).JPG,HSIL,False,test
/mnt/c/Users/Admin/Documents/cytology/cytology_data/HSIL (78).JPG,HSIL (78).JPG,HSIL,False,test
/mnt/c/Users/Admin/Documents/cytology/cytology_data/LSIL (161).JPG,LSIL (161).JPG,LSIL,False,test
/mnt/c/Users/Admin/Documents/cytology/cytology_data/HSIL (117).JPG,HSIL (117).JPG,HSIL,False,test
/mnt/c/Users/Admin/Documents/cytology/cytology_data/LSIL (131).JPG,LSIL (131).JPG,LSIL,False,test
/mnt/c/Users/Admin/Documents/cytology/cytology_data/HSIL (143).JPG,HSIL (143).JPG,HSIL,False,test
/mnt/c/Users/Admin/Documents/cytology/cytology_data/LSIL (44).jpg,LSIL (44).jpg,LSIL,False,test
/mnt/c/Users/Admin/Documents/cytology/cytology_data/HSIL (43).jpg,HSIL (43).jpg,HSIL,False,test
/mnt/c/Users/Admin/Documents/cytology/cytology_data/LSIL (99).jpg,LSIL (99).jpg,LSIL,False,test
/mnt/c/Users/Admin/Documents/cytology/cytology_data/HSIL (111).JPG,HSIL (111).JPG,HSIL,False,test
/mnt/c/Users/Admin/Documents/cytology/cytology_data/HSIL (172).JPG,HSIL (172).JPG,HSIL,False,test
/mnt/c/Users/Admin/Documents/cytology/cytology_data/HSIL (121).JPG,HSIL (121).JPG,HSIL,False,test
/mnt/c/Users/Admin/Documents/cytology/cytology_data/LSIL (55).jpg,LSIL (55).jpg,LSIL,False,test
/mnt/c/Users/Admin/Documents/cytology/cytology_data/NIL (51).jpg,NIL (51).jpg,NIL,False,test
/mnt/c/Users/Admin/Documents/cytology/cytology_data/HSIL (99).JPG,HSIL (99).JPG,HSIL,False,test
/mnt/c/Users/Admin/Documents/cytology/cytology_data/LSIL (51).jpg,LSIL (51).jpg,LSIL,False,test
/mnt/c/Users/Admin/Documents/cytology/cytology_data/NIL (182).jpg,NIL (182).jpg,NIL,False,test
/mnt/c/Users/Admin/Documents/cytology/cytology_data/HSIL (191).JPG,HSIL (191).JPG,HSIL,False,test
/mnt/c/Users/Admin/Documents/cytology/cytology_data/LSIL (49).jpg,LSIL (49).jpg,LSIL,False,test
/mnt/c/Users/Admin/Documents/cytology/cytology_data/LSIL (136).JPG,LSIL (136).JPG,LSIL,False,test
/mnt/c/Users/Admin/Documents/cytology/cytology_data/HSIL (178).jpg,HSIL (178).jpg,HSIL,False,test
/mnt/c/Users/Admin/Documents/cytology/cytology_data/HSIL (59).jpg,HSIL (59).jpg,HSIL,False,test
/mnt/c/Users/Admin/Documents/cytology/cytology_data/NIL (129).JPG,NIL (129).JPG,NIL,False,test
